Ad group,Keyword,Match type,Landing page,Intent
Foreign company setup,foreign company registration in india,Phrase,https://regitrust.in/foreign-company-registration-india.html,Foreign company setup
Foreign company setup,foreign founder company registration india,Phrase,https://regitrust.in/foreign-company-registration-india.html,Foreign founder setup
Foreign company setup,register foreign owned company in india,Phrase,https://regitrust.in/foreign-company-registration-india.html,Foreign-owned Indian company
Foreign company setup,india subsidiary registration,Phrase,https://regitrust.in/foreign-company-registration-india.html,India subsidiary planning
Foreign company setup,company registration for foreign founders india,Phrase,https://regitrust.in/foreign-company-registration-india.html,Foreign founder setup
NRI company setup,nri company registration in india,Phrase,https://regitrust.in/nri-company-registration-india.html,NRI company setup
NRI company setup,private limited company registration for nri,Phrase,https://regitrust.in/nri-company-registration-india.html,NRI private limited setup
NRI company setup,register company in india from abroad,Phrase,https://regitrust.in/nri-company-registration-india.html,Remote India setup
NRI company setup,nri business setup in india,Phrase,https://regitrust.in/nri-company-registration-india.html,NRI business setup
India market entry,india market entry services,Phrase,https://regitrust.in/india-market-entry-services.html,Market entry planning
India market entry,india business setup consultant,Phrase,https://regitrust.in/india-market-entry-services.html,Advisory setup
India market entry,india entry services for foreign company,Phrase,https://regitrust.in/india-market-entry-services.html,Market entry
India market entry,gst registration for foreign owned company india,Phrase,https://regitrust.in/india-market-entry-services.html,GST readiness
Import export setup,iec registration for exporters india,Phrase,https://regitrust.in/india-market-entry-services.html,Import-export setup
Import export setup,import export compliance india,Phrase,https://regitrust.in/india-market-entry-services.html,Trade compliance
