Ad group,Type,Copy,Landing page
Foreign company setup,Headline,Foreign Company Setup India,https://regitrust.in/foreign-company-registration-india.html
Foreign company setup,Headline,Register In India From Abroad,https://regitrust.in/foreign-company-registration-india.html
Foreign company setup,Headline,Foreign Founder India Setup,https://regitrust.in/foreign-company-registration-india.html
Foreign company setup,Headline,India Entity Setup Review,https://regitrust.in/foreign-company-registration-india.html
Foreign company setup,Description,"India setup with entity route, documents, GST, IEC, banking, and compliance roadmap.",https://regitrust.in/foreign-company-registration-india.html
Foreign company setup,Description,For foreign founders entering India. Starts-from quote after scope review.,https://regitrust.in/foreign-company-registration-india.html
NRI company setup,Headline,NRI Company Setup India,https://regitrust.in/nri-company-registration-india.html
NRI company setup,Headline,Remote India Company Setup,https://regitrust.in/nri-company-registration-india.html
NRI company setup,Headline,India Setup Review For NRIs,https://regitrust.in/nri-company-registration-india.html
NRI company setup,Description,"Remote India company setup for NRIs with documents, GST, and compliance planning.",https://regitrust.in/nri-company-registration-india.html
NRI company setup,Description,Get a practical checklist and starts-from quote after NRI setup scope review.,https://regitrust.in/nri-company-registration-india.html
India market entry,Headline,India Market Entry Support,https://regitrust.in/india-market-entry-services.html
India market entry,Headline,GST IEC And Compliance Roadmap,https://regitrust.in/india-market-entry-services.html
India market entry,Headline,India Business Setup Review,https://regitrust.in/india-market-entry-services.html
India market entry,Description,"Entity setup, GST, IEC, contracts, tax, and compliance for India entry.",https://regitrust.in/india-market-entry-services.html
India market entry,Description,"Scope-first India entry support for SaaS, exporters, agencies, and overseas firms.",https://regitrust.in/india-market-entry-services.html
